<?xml version="1.0" encoding="UTF-8" ?>
<!DOCTYPE struts PUBLIC
        "-//Apache Software Foundation//DTD Struts Configuration 2.5//EN"
        "http://struts.apache.org/dtds/struts-2.5.dtd">
<struts>
    <package name="default" namespace="/" extends="struts-default">
    <default-action-ref name="index"></default-action-ref>
      
    <action name="index">
    <result>views/Login.jsp</result>
    </action>
      
      
      
      <action name = "loginaction" 
         class = "org.sid.web.LoginAction"
         method = "execute">
         <result name = "success">/views/index.jsp</result>
         <result name = "error">/views/error.jsp</result>
      </action>
    
    
    
	<action name = "addUser" 
         class = "org.sid.web.LoginAction"
         method = "addUsers">    
    <result name = "success">views/index.jsp</result>
    </action>
    
    <action name = "updatePass" 
         class = "org.sid.web.LoginAction"
         method = "updatePas">    
    <result name = "success">views/modifierPass.jsp</result>
    </action>
    
    <action name = "users" 
         class = "org.sid.web.LoginAction"
         method = "indexUser">    
    <result name = "success">views/Users.jsp</result>
    </action>
    
    <action name="savePas" class="org.sid.web.LoginAction" method="savePass">
    		<result name="success">views/index.jsp</result>
    	</action>
    
    <action name="New" class="org.sid.web.ProduitAction" method="New">
    <result name="success">views/creer.jsp</result>
    </action>
    
    <action name="produits" class="org.sid.web.ProduitAction" method="index">
    <result name="success">views/Produits.jsp</result>
    </action>
    
    <action name="commandes" class="org.sid.web.ProduitAction" method="indexCmd">
    <result name="success">views/List.jsp</result>
    </action>
    
    <action name="comandes" class="org.sid.web.ProduitAction" method="comande">
    <result name="success">views/Comandes.jsp</result>
    </action>
    
    
    
    <action name="ajax" class="org.sid.web.ProduitAction" method="acmd">
    <result name="success">views/facture.jsp</result>
    <result name="input">views/facture.jsp</result>
    </action>
    
    
    <action name="indexCm" class="org.sid.web.ProduitAction" method="facture">
    <result name="success">views/index.jsp</result>
    </action>
    
    <action name="indexHome" class="org.sid.web.ProduitAction" method="indexH">
    <result name="success">views/index.jsp</result>
    </action>
    
     <action name="pdf" class="org.sid.web.ProduitAction" method="indexP">
    <result name="success">views/index.jsp</result>
    </action>
    
    </package>
</struts>
